Trial,FirstToneAmplitude,SecondToneAmplitude,CorrectResponse,ParticipantResponse,RT
0,0.5,0.75,2,2,0.77053713798523
1,0.5,0.71,2,2,3.55954504013062
2,0.5,0.33,1,1,0.465170860290527
3,0.5,0.63,2,2,0.313325881958008
4,0.5,0.41,1,1,0.416874885559082
